Rom.,#,N,A68       ,A8 ,1
Reg.,#,N,A68       ,A8 ,1
trib.,TRIBVNVS, ,A68      ,A8 ,1
pleb.,PLEBS, ,A341     ,A8 ,1
max.,MAGNVS, ,C1113    ,C11,1
pont.,PONTIFEX, ,A311     ,A11,1
pub.,#, ,A68      ,A8 ,1
Fl.,FLAVIVS,N,A111     ,A11,1
Dec.,DECIMVS,N,A68      ,A8 ,1
Hamilconi,HIMILCO,N,A351     ,A51,1
!2025-03-11T21:27:28,,,,,
! /Users/Philippe/Documents/LASLA/Tagueur_v3_Mac/Florus_Epitoma_de_Tito_Liuio3.txt,,,,,
Aepulo,AEPVLO,N,A311     ,A11,1
!2025-03-12T11:55:12,,,,,
! /Users/domi/Desktop/File per il taguer/Florus_Epitoma_de_Tito_Liuio3.txt,,,,,
terrester,TERRESTRIS, ,C3111    ,C11,1
!2025-03-12T12:00:27,,,,,
! /Users/domi/Desktop/File per il taguer/Florus_Epitoma_de_Tito_Liuio3.txt,,,,,
influxerant,INFLVO, ,B3 2 1513   ,B3 ,1
!2025-03-12T12:06:26,,,,,
! /Users/domi/Desktop/File per il taguer/Florus_Epitoma_de_Tito_Liuio3.txt,,,,,
quingentensimum,QVINGENTESIMVS, ,D2311    ,D31,1
!2025-03-12T12:10:31,,,,,
! /Users/domi/Desktop/File per il taguer/Florus_Epitoma_de_Tito_Liuio3.txt,,,,,
!2025-03-12T12:40:08,,,,,
! /Users/domi/Desktop/File per il taguer/Florus_Epitoma_de_Tito_Liuio3.txt,,,,,
quadragensimo,QVADRAGESIMVS, ,D2611    ,D61,1
!2025-03-12T12:54:38,,,,,
! /Users/domi/Desktop/File per il taguer/Florus_Epitoma_de_Tito_Liuio3.txt,,,,,
!2025-03-12T13:08:27,,,,,
! /Users/domi/Desktop/File per il taguer/Florus_Epitoma_de_Tito_Liuio3.txt,,,,,
cuiuscemodi,CVIVSQVEMODI, ,M        ,M  ,1
!2025-03-12T14:08:32,,,,,
! /Users/domi/Desktop/File per il taguer/Florus_Epitoma_de_Tito_Liuio3.txt,,,,,
!2025-03-12T14:12:14,,,,,
! /Users/domi/Desktop/File per il taguer/Florus_Epitoma_de_Tito_Liuio3.txt,,,,,
!2025-03-12T14:33:37,,,,,
! /Users/domi/Desktop/File per il taguer/Florus_Epitoma_de_Tito_Liuio3.txt,,,,,
Alcibiaden,ALCIBIADES,N,A731     ,N31,1
!2025-03-12T15:09:36,,,,,
! /Users/domi/Desktop/File per il taguer/Florus_Epitoma_de_Tito_Liuio3.txt,,,,,
repperiretur,REPERIO, ,B4 1 2223  ,B2 ,1
!2025-03-12T15:14:12,,,,,
! /Users/domi/Desktop/File per il taguer/Florus_Epitoma_de_Tito_Liuio3.txt,,,,,
Chaeroniam,CHAERONEA,N,A131     ,A31,1
!2025-03-12T15:41:40,,,,,
! /Users/domi/Desktop/File per il taguer/Florus_Epitoma_de_Tito_Liuio3.txt,,,,,
!2025-03-12T15:53:29,,,,,
! /Users/domi/Desktop/File per il taguer/Florus_Epitoma_de_Tito_Liuio3.txt,,,,,
Samnitas,SAMNIS,N,A732     ,A32,1
!2025-03-12T16:02:19,,,,,
! /Users/domi/Desktop/File per il taguer/Florus_Epitoma_de_Tito_Liuio3.txt,,,,,
!2025-03-12T16:06:33,,,,,
! /Users/domi/Desktop/File per il taguer/Florus_Epitoma_de_Tito_Liuio3.txt,,,,,
Visurgin,VISVRGIS,N,A731     ,A31,1
!2025-03-12T16:22:09,,,,,
! /Users/domi/Desktop/File per il taguer/Florus_Epitoma_de_Tito_Liuio3.txt,,,,,
Sicorin,SICORIS,N,A731     ,A31,1
Phaselin,PHASELIS,N,A731     ,A31,1
!2025-03-12T16:26:58,,,,,
! /Users/domi/Desktop/File per il taguer/Florus_Epitoma_de_Tito_Liuio3.txt,,,,,
Euboean,EVBOEA,N,A731     ,A31,1
Elidos,ELIS,N,A741     ,A41,1
!2025-03-12T17:01:58,,,,,
! /Users/domi/Desktop/File per il taguer/Florus_Epitoma_de_Tito_Liuio3.txt,,,,,
!2025-03-12T19:43:47,,,,,
! /Users/domi/Desktop/File per il taguer/Florus_Epitoma_de_Tito_Liuio3.txt,,,,,
Aegypton,AEGYPTVS,N,A731     ,A31,1
!2025-03-12T19:49:49,,,,,
! /Users/domi/Desktop/File per il taguer/Florus_Epitoma_de_Tito_Liuio3.txt,,,,,
Maeotin,MAEOTIS,N,C7311    ,C31,1
Ascurida,ASCVRIS,N,A731    ,A31,1
Caralim,CARALIS,N,A731    ,A31,1
!2025-03-12T20:07:48,,,,,
! /Users/domi/Desktop/File per il taguer/Florus_Epitoma_de_Tito_Liuio3.txt,,,,,
Senonas,SENONES,N,A132     ,A32,1
Carnuntas,CARNVTES,N,A132     ,A32,1
Auxume,AVXIMVM,N,A611     ,A11,1
!2025-03-12T20:25:22,,,,,
! /Users/domi/Desktop/File per il taguer/Florus_Epitoma_de_Tito_Liuio3.txt,,,,,
Autrigonas,AVTRIGONES,N,A132     ,A32,1
Bergidae,BERGIDVM,N,A141     ,A41,1
Caledonas,CALEDONES,N,A132     ,A32,1
Cynocephalas,CYNOSCEPHALAE,N,A132     ,A32,1
Deciates,DECEATES,N,A312     ,A12,1
Donnes,DONNVS,N,A711     ,A11,1
!2025-03-12T20:41:03,,,,,
! /Users/domi/Desktop/File per il taguer/Florus_Epitoma_de_Tito_Liuio3.txt,,,,,
Ferentaneae,FERENTINVM,N,A141     ,A41,1
myoparonas,MYOPARO, ,A732     ,A32,1
!2025-03-13T10:44:44,,,,,
! /Users/domi/Desktop/File per il taguer/Florus_Epitoma_de_Tito_Liuio3.txt,,,,,
Eleythernan,ELEVTHERNAE,N,A731     ,A31,1
!2025-03-13T11:34:50,,,,,
! /Users/domi/Desktop/File per il taguer/Florus_Epitoma_de_Tito_Liuio3.txt,,,,,
!2025-03-13T11:53:11,,,,,
! /Users/domi/Desktop/File per il taguer/Florus_Epitoma_de_Tito_Liuio3.txt,,,,,
Euburiates,EVBVRIATES,N,A312     ,A12,1
!2025-03-14T11:04:52,,,,,
! /Users/domi/Desktop/File per il taguer/Florus_Epitoma_de_Tito_Liuio3.txt,,,,,
Arusinis,ARVSINVS,A,C162     ,C62,1
Liguras,LIGVRES,N,A732     ,A32,1
!2025-03-14T14:47:26,,,,,
! /Users/domi/Desktop/File per il taguer/T_Livi_Periochae3.txt,,,,,
!2025-03-14T14:54:10,,,,,
! /Users/domi/Desktop/File per il taguer/T_Livi_Periochae3.txt,,,,,
adcucurrerat,ACVRRO, ,B3 11513 ,V 1,1
adsciuerant,ASCIO ,5,B4 21513 ,V 2,1
!2025-03-14T15:19:20,,,,,
! /Users/domi/Desktop/File per il taguer/T_Livi_Periochae3.txt,,,,,
!2025-03-14T15:27:22,,,,,
! /Users/domi/Desktop/File per il taguer/T_Livi_Periochae3.txt,,,,,
Baleari,BALEARIS,N,C4611    ,C61,1
Bitoco,BITOCO,N,A68      ,A8 ,1
Cartaginienses,CARTHAGINIENSES,N,A312     ,A12,1
!2025-03-14T15:54:24,,,,,
! /Users/domi/Desktop/File per il taguer/T_Livi_Periochae3.txt,,,,,
!2025-03-16T09:51:58,,,,,
! /Users/domi/Desktop/File per il taguer/Florus_Epitoma_de_Tito_Liuio3.txt,,,,,
Carisius,CARISIVS,N,A68      ,A8 ,1
!2025-03-16T10:19:18,,,,,
!2025-03-16T10:35:59,,,,,
! /Users/domi/Desktop/File per il taguer/T_Livi_Periochae3.txt,,,,,
ian.,IANVARIVS,N,A68      ,A8 ,1
Ianuar.,IANVARIVS,N,A241     ,A41,1
IIIuiratus,TRIVMVIRATVS,N,A441     ,A41,1
IIuiro,DVVMVIR,N,A261     ,A61,1
!2025-03-16T10:44:55,,,,,
! /Users/domi/Desktop/File per il taguer/T_Livi_Periochae3.txt,,,,,
!2025-03-16T10:47:58,,,,,
! /Users/domi/Desktop/File per il taguer/T_Livi_Periochae3.txt,,,,,
Eburonas,EBVRONES,N,A132     ,A32,1
Iapydas,IAPYDES,N,A132     ,A32,1
Suessionas,SVESSIONES,N,A132     ,A32,1
!2025-03-16T11:28:21,,,,,
! /Users/domi/Desktop/File per il taguer/T_Livi_Periochae3.txt,,,,,
Insubrum,INSVBRES,N,A342     ,A42,1
Nepherim,NEPHERIS,N,A731     ,A31,1
Nicomeden,NICOMEDES,N,A731     ,A31,1
!2025-03-16T12:04:57,,,,,
! /Users/domi/Desktop/File per il taguer/T_Livi_Periochae3.txt,,,,,
Philopoemenen,PHILOPOEMEN,N,A731     ,A31,1
!2025-03-16T12:25:09,,,,,
! /Users/domi/Desktop/File per il taguer/T_Livi_Periochae3.txt,,,,,
transiebant,TRANSEO, ,B6 2 1213,B1 ,1
!2025-03-17T09:54:39,,,,,
! /Users/domi/Desktop/File per il taguer/T_Livi_Periochae3.txt,,,,,
Sallentino,SALLENTINVS,N,C1611    ,C61,1
Syllanarum,SYLLANVS,N,C1421    ,C42,1
Tromentina,TROMENTINA,N,A111     ,A11,1
Gracchurim,GRACCHVRIS,N,A731     ,A31,1
!2025-03-17T11:04:33,,,,,
! /Users/domi/Desktop/File per il taguer/T_Livi_Periochae3.txt,,,,,
Chamates,AMATIVS,N,A611     ,A11,1
!2025-03-24T07:30:00,,,,,
! /Users/domi/Desktop/File per il taguer/T_Livi_Periochae3.txt,,,,,
Stynos,STOENI,N,A232     ,A32,1
Toutomotulum,TOVTOMODVLVS,N,A231     ,A31,1
Vercondaridubno,VERCONDARIDVBNVS,N,A261     ,A61,1
! 2026-04-15 essai.,,,,,
<egressa>st,SVM,2,#        ,#  ,1
egressa<st>,EGREDIOR, ,B5 1 1433,B1 ,1
