adsolet,ASSOLEO, ,B2 1 1143,B11,8
aude,AVDEO, ,B2 1 2142,B21,20
audeam,AVDEO, ,B2 1 3141,B31,7
audeamus,AVDEO, ,B2 2 3141,B31,5
audeant,AVDEO, ,B2 2 3143,B31,10
audeas,AVDEO, ,B2 1 3142,B31,13
audeat,AVDEO, ,B2 1 3143,B31,48
audeatis,AVDEO, ,B2 2 3142,B31,3
audebant,AVDEO, ,B2 2 1243,B1 ,21
audebas,AVDEO, ,B2 1 1242,B1 ,7
audebat,AVDEO, ,B2 1 1243,B1 ,32
audebatis,AVDEO, ,B2 2 1242,B1 ,1
audebimus,AVDEO, ,B2 2 1341,B1 ,2
audebis,AVDEO, ,B2 1 1342,B1 ,9
audebit,AVDEO, ,B2 1 1343,B1 ,22
audebitis,AVDEO, ,B2 2 1342,B1 ,1
audebo,AVDEO, ,B2 1 1341,B1 ,7
audebunt,AVDEO, ,B2 2 1343,B1 ,3
audemus,AVDEO, ,B2 2 1141,B11,5
audenda,AVDEO, ,B232 504 ,V32,1
audendi,AVDEO, ,B241 604 ,V41,4
audendo,AVDEO, ,B261 604 ,V61,3
audendum,AVDEO, ,B211 504 ,V11,5
audendum,AVDEO, ,B231 504 ,V31,2
audendum,AVDEO, ,B231 604 ,V31,2
audent,AVDEO, ,B2 2 1143,B11,29
audente,AVDEO, ,B261 414 ,V61,1
audentem,AVDEO, ,B231 414 ,V31,2
audentes,AVDEO, ,B232 414 ,V32,1
audenti,AVDEO, ,B251 414 ,V51,1
audentibus,AVDEO, ,B262 414 ,V62,1
audentis,AVDEO, ,B232 414 ,V32,1
audeo,AVDEO, ,B2 1 1141,B11,20
audere,AVDEO, ,B2   714 ,B71,27
auderem,AVDEO, ,B2 1 3241,B3 ,11
auderemus,AVDEO, ,B2 2 3241,B3 ,1
auderent,AVDEO, ,B2 2 3243,B3 ,33
auderes,AVDEO, ,B2 1 3242,B3 ,5
auderet,AVDEO, ,B2 1 3243,B3 ,48
audes,AVDEO, ,B2 1 1142,B11,45
audet,AVDEO, ,B2 1 1143,B11,61
audete,AVDEO, ,B2 2 2142,B21,2
audetis,AVDEO, ,B2 2 1142,B11,3
ausa,AVDEO, ,B211 444 ,V11,12
ausa,AVDEO, ,B221 444 ,V21,1
ausae,AVDEO, ,B212 444 ,V12,5
ausae,AVDEO, ,B222 444 ,V22,1
ausas,AVDEO, ,B232 444 ,V32,3
ause,AVDEO, ,B221 444 ,V21,1
ausi,AVDEO, ,B2 1 1441,B1 ,1
ausi,AVDEO, ,B212 444 ,V12,19
ausi,AVDEO, ,B241 444 ,V41,1
ausim,AVDEO, ,B2 1 3141,B31,13
ausim,AVDEO, ,B2 1 3441,B3 ,7
ausis,AVDEO, ,B2 1 3142,B31,4
ausis,AVDEO, ,B252 444 ,V52,3
ausis,AVDEO, ,B262 444 ,V62,4
ausit,AVDEO, ,B2 1 3143,B31,5
auso,AVDEO, ,B251 444 ,V51,4
auso,AVDEO, ,B261 444 ,V61,7
ausos,AVDEO, ,B232 444 ,V32,14
ausum,AVDEO, ,B231 444 ,V31,4
ausura,AVDEO, ,B212 434 ,V12,1
ausura,AVDEO, ,B232 434 ,V32,1
ausuri,AVDEO, ,B212 434 ,V12,4
ausuros,AVDEO, ,B232 434 ,V32,2
ausurum,AVDEO, ,B231 434 ,V31,1
ausurus,AVDEO, ,B211 434 ,V11,4
ausus,AVDEO, ,B211 444 ,V11,42
confidam,CONFIDO, ,B3 1 3141,B31,3
confidamus,CONFIDO, ,B3 2 3141,B31,1
confidas,CONFIDO, ,B3 1 3142,B31,1
confidat,CONFIDO, ,B3 1 3143,B31,11
confide,CONFIDO, ,B3 1 2142,B21,3
confidebant,CONFIDO, ,B3 2 1243,B1 ,12
confidebat,CONFIDO, ,B3 1 1243,B1 ,13
confidens,CONFIDO, ,B311 414 ,V11,1
confident,CONFIDO, ,B3 2 1343,B1 ,1
confidentes,CONFIDO, ,B312 414 ,V12,1
confidere,CONFIDO, ,B3   714 ,B71,16
confiderem,CONFIDO, ,B3 1 3241,B3 ,4
confiderent,CONFIDO, ,B3 2 3243,B3 ,9
confideres,CONFIDO, ,B3 1 3242,B3 ,2
confideret,CONFIDO, ,B3 1 3243,B3 ,13
confidimus,CONFIDO, ,B3 2 1141,B11,5
confidis,CONFIDO, ,B3 1 1142,B11,4
confidit,CONFIDO, ,B3 1 1143,B11,4
confido,CONFIDO, ,B3 1 1141,B11,31
confidunt,CONFIDO, ,B3 2 1143,B11,7
confisa,CONFIDO, ,B311 444 ,V11,1
confisa,CONFIDO, ,B321 444 ,V21,1
confisae,CONFIDO, ,B312 444 ,V12,2
confise,CONFIDO, ,B321 444 ,V21,1
confisi,CONFIDO, ,B312 444 ,V12,12
confisos,CONFIDO, ,B332 444 ,V32,2
confisum,CONFIDO, ,B311 444 ,V11,1
confisum,CONFIDO, ,B331 444 ,V31,1
confisus,CONFIDO, ,B311 444 ,V11,20
diffidant,DIFFIDO, ,B3 2 3143,B31,1
diffidas,DIFFIDO, ,B3 1 3142,B31,1
diffidebam,DIFFIDO, ,B3 1 1241,B1 ,1
diffidebant,DIFFIDO, ,B3 2 1243,B1 ,2
diffidebatur,DIFFIDO, ,B3 1 1243,B1 ,2
diffidens,DIFFIDO, ,B311 414 ,V11,8
diffidentem,DIFFIDO, ,B331 414 ,V31,5
diffidenti,DIFFIDO, ,B351 414 ,V51,1
diffidere,DIFFIDO, ,B3   714 ,B71,10
diffiderent,DIFFIDO, ,B3 2 3243,B3 ,3
diffideret,DIFFIDO, ,B3 1 3243,B3 ,7
diffidet,DIFFIDO, ,B3 1 1343,B1 ,1
diffidimus,DIFFIDO, ,B3 2 1141,B11,2
diffidis,DIFFIDO, ,B3 1 1142,B11,1
diffidit,DIFFIDO, ,B3 1 1143,B11,3
diffido,DIFFIDO, ,B3 1 1141,B11,1
diffisi,DIFFIDO, ,B312 444 ,V12,5
diffisum,DIFFIDO, ,B331 444 ,V31,2
diffisus,DIFFIDO, ,B311 444 ,V11,5
fidas,FIDO, ,B3 1 3142,B31,1
fidat,FIDO, ,B3 1 3143,B31,1
fidebant,FIDO, ,B3 2 1243,B1 ,3
fidebat,FIDO, ,B3 1 1243,B1 ,2
fidens,FIDO, ,B311 414 ,V11,10
fidentem,FIDO, ,B331 414 ,V31,2
fidentes,FIDO, ,B312 414 ,V12,2
fidere,FIDO, ,B3   714 ,B71,12
fiderent,FIDO, ,B3 2 3243,B3 ,1
fideret,FIDO, ,B3 1 3243,B3 ,2
fidet,FIDO, ,B3 1 1343,B1 ,2
fidimus,FIDO, ,B3 2 1141,B11,2
fidis,FIDO, ,B3 1 1142,B11,1
fidit,FIDO, ,B3 1 1143,B11,5
fidite,FIDO, ,B3 2 2142,B21,1
fisi,FIDO, ,B312 444 ,V12,1
fisos,FIDO, ,B332 444 ,V32,1
fisus,FIDO, ,B311 444 ,V11,3
g.,GAVDEO, ,B2 1 1141,B11,1
gaude,GAVDEO, ,B2 1 2142,B21,23
gaudeam,GAVDEO, ,B2 1 3141,B31,5
gaudeamus,GAVDEO, ,B2 2 3141,B31,2
gaudeant,GAVDEO, ,B2 2 3143,B31,4
gaudeas,GAVDEO, ,B2 1 3142,B31,6
gaudeat,GAVDEO, ,B2 1 3143,B31,32
gaudeatis,GAVDEO, ,B2 2 3142,B31,1
gaudebam,GAVDEO, ,B2 1 1241,B1 ,2
gaudebamus,GAVDEO, ,B2 2 1241,B1 ,1
gaudebant,GAVDEO, ,B2 2 1243,B1 ,9
gaudebat,GAVDEO, ,B2 1 1243,B1 ,9
gaudebimus,GAVDEO, ,B2 2 1341,B1 ,2
gaudebis,GAVDEO, ,B2 1 1342,B1 ,2
gaudebit,GAVDEO, ,B2 1 1343,B1 ,4
gaudebo,GAVDEO, ,B2 1 1341,B1 ,1
gaudebunt,GAVDEO, ,B2 2 1343,B1 ,1
gaudemus,GAVDEO, ,B2 2 1141,B11,6
gaudenda,GAVDEO, ,B212 504 ,V12,1
gaudendi,GAVDEO, ,B241 604 ,V41,1
gaudendum,GAVDEO, ,B211 504 ,V11,1
gaudens,GAVDEO, ,B211 414 ,V11,19
gaudent,GAVDEO, ,B2 2 1143,B11,36
gaudente,GAVDEO, ,B261 414 ,V61,2
gaudentem,GAVDEO, ,B231 414 ,V31,7
gaudentes,GAVDEO, ,B212 414 ,V12,2
gaudentes,GAVDEO, ,B232 414 ,V32,1
gaudenti,GAVDEO, ,B251 414 ,V51,1
gaudentia,GAVDEO, ,B212 414 ,V12,1
gaudentia,GAVDEO, ,B232 414 ,V32,1
gaudentibus,GAVDEO, ,B252 414 ,V52,1
gaudentis,GAVDEO, ,B232 414 ,V32,1
gaudentis,GAVDEO, ,B241 414 ,V41,4
gaudentium,GAVDEO, ,B242 414 ,V42,3
gaudeo,GAVDEO, ,B2 1 1141,B11,32
gaudere,GAVDEO, ,B2   714 ,B71,43
gauderent,GAVDEO, ,B2 2 3243,B3 ,4
gauderes,GAVDEO, ,B2 1 3242,B3 ,2
gauderet,GAVDEO, ,B2 1 3243,B3 ,6
gaudes,GAVDEO, ,B2 1 1142,B11,18
gaudet,GAVDEO, ,B2 1 1143,B11,88
gaudete,GAVDEO, ,B2 2 2142,B21,5
gaudetis,GAVDEO, ,B2 2 1142,B11,1
gauisurus,GAVDEO, ,B211 434 ,V11,1
gauisus,GAVDEO, ,B211 444 ,V11,3
odes,AVDEO, ,B2 1 1142,B11,1
soleam,SOLEO, ,B2 1 3141,B31,5
soleamus,SOLEO, ,B2 2 3141,B31,3
soleant,SOLEO, ,B2 2 3143,B31,28
soleas,SOLEO, ,B2 1 3142,B31,8
soleat,SOLEO, ,B2 1 3143,B31,32
soleatis,SOLEO, ,B2 2 3142,B31,2
solebam,SOLEO, ,B2 1 1241,B1 ,14
solebamus,SOLEO, ,B2 2 1241,B1 ,7
solebant,SOLEO, ,B2 2 1243,B1 ,43
solebas,SOLEO, ,B2 1 1242,B1 ,24
solebat,SOLEO, ,B2 1 1243,B1 ,111
solebatis,SOLEO, ,B2 2 1242,B1 ,3
solemus,SOLEO, ,B2 2 1141,B11,40
solent,SOLEO, ,B2 2 1143,B11,194
soleo,SOLEO, ,B2 1 1141,B11,46
solere,SOLEO, ,B2   714 ,B71,61
soleremus,SOLEO, ,B2 2 3241,B3 ,2
solerent,SOLEO, ,B2 2 3243,B3 ,10
soleres,SOLEO, ,B2 1 3242,B3 ,1
soleret,SOLEO, ,B2 1 3243,B3 ,7
soles,SOLEO, ,B2 1 1142,B11,49
solet,SOLEO, ,B2 1 1143,B11,301
soletis,SOLEO, ,B2 2 1142,B11,7
solita,SOLEO, ,B211 444 ,V11,6
solita,SOLEO, ,B232 444 ,V32,3
solitae,SOLEO, ,B212 444 ,V12,4
solitam,SOLEO, ,B231 444 ,V31,1
solitas,SOLEO, ,B232 444 ,V32,1
soliti,SOLEO, ,B212 444 ,V12,10
solitos,SOLEO, ,B232 444 ,V32,6
solitum,SOLEO, ,B211 444 ,V11,2
solitum,SOLEO, ,B231 444 ,V31,6
solitus,SOLEO, ,B211 444 ,V11,24
solui,SOLEO, ,B2 1 1441,B1 ,1
<erant> soliti,SOLEO, ,B2 2 1443,B1 ,1
<erat> ausus,AVDEO, ,B2 1 1543,B1 ,1
<erat> solitus,SOLEO, ,B2 1 1543,B1 ,2
<es> ausus,AVDEO, ,B2 1 1442,B1 ,4
<esse> ausum,AVDEO, ,B231 744 ,B7 ,1
<esse> ausurum,AVDEO, ,B231 734 ,B7 ,1
<essent> soliti,SOLEO, ,B2 2 3543,B3 ,2
<esset> ausus,AVDEO, ,B2 1 3543,B3 ,2
<est> ausa,AVDEO, ,B2 1 1443,B1 ,2
<est> ausus,AVDEO, ,B2 1 1441,B1 ,1
<est> ausus,AVDEO, ,B2 1 1443,B1 ,17
<est> gauisa,GAVDEO, ,B2 1 1443,B1 ,1
<est> solitum,SOLEO, ,B2 1 1443,B1 ,1
<est> solitus,SOLEO, ,B2 1 1443,B1 ,4
<sis> ausus,AVDEO, ,B2 1 3442,B3 ,1
<sis> solitus,SOLEO, ,B2 1 3442,B3 ,1
<sit> ausus,AVDEO, ,B2 1 3443,B3 ,5
<sit> solitus,SOLEO, ,B2 1 3443,B3 ,1
<sode>s,AVDEO, ,B2 1 1142,B11,7
<sum> ausus,AVDEO, ,B2 1 1441,B1 ,3
<sunt> ausi,AVDEO, ,B2 2 1443,B1 ,5
<sunt> confisi,CONFIDO, ,B3 2 1443,B1 ,1
<sunt> solita,SOLEO, ,B2 2 1443,B1 ,1
ausa <es>,AVDEO, ,B2 1 1442,B1 ,1
ausa <esset>,AVDEO, ,B2 1 3543,B3 ,1
ausa <est>,AVDEO, ,B2 1 1443,B1 ,5
ausa <forem>,AVDEO, ,B2 1 3641,B3 ,1
ausa <sit>,AVDEO, ,B2 1 3443,B3 ,1
ausae <simus>,AVDEO, ,B2 2 3441,B3 ,1
ausas <esse>,AVDEO, ,B232 744 ,B7 ,1
ausi <erant>,AVDEO, ,B2 2 1543,B1 ,3
ausi <forent>,AVDEO, ,B2 2 3643,B3 ,1
ausi <sumus>,AVDEO, ,B2 2 1441,B1 ,1
ausi <sunt>,AVDEO, ,B2 2 1443,B1 ,7
ausos <esse>,AVDEO, ,B232 744 ,B7 ,1
ausu<'s>,AVDEO, ,B2 1 1442,B1 ,3
ausum <esse>,AVDEO, ,B231 744 ,B7 ,4
ausum <esse>,AVDEO, ,B232 744 ,B7 ,1
ausus <eram>,AVDEO, ,B2 1 1541,B1 ,2
ausus <erat>,AVDEO, ,B2 1 1443,B1 ,2
ausus <erat>,AVDEO, ,B2 1 1543,B1 ,2
ausus <es>,AVDEO, ,B2 1 1442,B1 ,37
ausus <essem>,AVDEO, ,B2 1 3541,B3 ,2
ausus <esses>,AVDEO, ,B2 1 3542,B3 ,1
ausus <esset>,AVDEO, ,B2 1 3543,B3 ,5
ausus <est>,AVDEO, ,B2 1 1443,B1 ,56
ausus <foret>,AVDEO, ,B2 1 3643,B3 ,1
ausus <sis>,AVDEO, ,B2 1 3442,B3 ,3
ausus <sit>,AVDEO, ,B2 1 3443,B3 ,4
ausus <sum>,AVDEO, ,B2 1 1441,B1 ,3
diffisus <essem>,DIFFIDO, ,B3 1 3541,B3 ,1
gauisa <es>,GAVDEO, ,B2 1 1442,B1 ,1
gauisa <est>,GAVDEO, ,B2 1 1443,B1 ,3
gauisi <sint>,GAVDEO, ,B2 2 3443,B3 ,1
gauisus <est>,GAVDEO, ,B2 1 1443,B1 ,2
gauisus <sum>,GAVDEO, ,B2 1 1441,B1 ,2
solita <es>,SOLEO, ,B2 1 1442,B1 ,1
solita <est>,SOLEO, ,B2 1 1443,B1 ,8
solita <sint>,SOLEO, ,B2 2 3443,B3 ,2
solita<st>,SOLEO, ,B2 1 1443,B1 ,1
solitae <sint>,SOLEO, ,B2 2 3443,B3 ,1
solitam <esse>,SOLEO, ,B231 744 ,B7 ,1
solitas <esse>,SOLEO, ,B232 744 ,B7 ,1
soliti <erant>,SOLEO, ,B2 2 1543,B1 ,3
soliti <estis>,SOLEO, ,B2 2 1442,B1 ,1
soliti <sint>,SOLEO, ,B2 2 3443,B3 ,6
soliti <sumus>,SOLEO, ,B2 2 1441,B1 ,1
soliti <sunt>,SOLEO, ,B2 2 1443,B1 ,2
solitos <esse>,SOLEO, ,B232 744 ,B7 ,1
solitum <esse>,SOLEO, ,B231 744 ,B7 ,7
solitus <eras>,SOLEO, ,B2 1 1542,B1 ,1
solitus <erat>,SOLEO, ,B2 1 1543,B1 ,6
solitus <esse>,SOLEO, ,B211 744 ,B7 ,1
solitus <esses>,SOLEO, ,B2 1 3542,B3 ,1
solitus <esset>,SOLEO, ,B2 1 3543,B3 ,2
solitus <est>,SOLEO, ,B2 1 1443,B1 ,5
solitus <sit>,SOLEO, ,B2 1 3443,B3 ,5
solitus <sum>,SOLEO, ,B2 1 1441,B1 ,2
